h_vsby,v_vsby,temperature,wind,rain,fog_brume,thunder
5.863516956,1852.688008,14.00689637,5.477443398,2.329629819,7.334493882,1.589780349
