h_vsby,v_vsby,temperature,wind,rain,fog_brume,thunder
0.89979977,366.450572,3.536384299,3.337096136,15.08448315,26.07051951,12.50818287
